Wavlength (nm),b,g,r,re,nir
392,0.007916994,0.017996772,0.006575214,0.011475556,0.005032876
393,0.007836119,0.015377092,0.01003841,0.023561806,0.004923862
394,0.006408463,0.015208582,0.009208934,0.0288153,0.00559722
395,0.006274051,0.00956148,0.009869809,0.024974902,0.004230779
396,0.005210111,0.010333228,0.007012819,0.005396774,0.00578746
397,0.003382127,0.007077992,0.005306141,0,0.004939154
398,0.005566424,0.010298423,0.004415862,0.006229999,0.004913548
399,0.003391899,0.011539877,0.005378466,0.014321272,0.005320168
400,0.004823789,0.010006497,0.008534867,0.021332277,0.004430314
401,0.005666317,0.008307745,0.012671998,0.01092528,0.005579686
402,0.003874147,0.004953326,0.012285631,0.025335665,0.004320438
403,0.005692579,0.009440235,0.005230026,0.021117783,0.006344156
404,0.005171388,0.006440594,0.006837743,0.019787975,0.005248328
405,0.004043891,0.005809634,0.011547675,0.015211859,0.004769781
406,0.004885415,0.007229863,0.006127595,0.014067004,0.003563265
407,0.006022892,0.006825146,0.004595827,0.005334084,0.002592851
408,0.003812649,0.004622162,0.011599214,0.013177229,0.003318791
409,0.003849618,0.007099285,0.016114085,0.004356292,0.003564326
410,0.004944992,0.004030119,0.017099772,0,0.00569443
411,0.00363162,0.004409565,0.012334947,0,0.005915197
412,0.006007505,0.005859277,0.010456706,0.009917697,0.005549681
413,0.005447389,0.003209253,0.009852606,0.031339689,0.003143127
414,0.00411123,0.003764066,0.009082691,0.059398463,0.003811232
415,0.004070285,0.0041701,0.01037994,0.050647488,0.00334302
416,0.003207938,0.004900731,0.019138013,0.04632459,0.00391166
417,0.003623459,0.004556535,0.028187061,0.031919789,0.003482588
418,0.00368938,0.003522513,0.038969331,0.032536024,0.003159815
419,0.002797517,0.00392423,0.038874992,0.033185077,0.003616337
420,0.003516422,0.005709281,0.041622634,0.044501552,0.003187478
421,0.004523381,0.007318774,0.03409044,0.080810418,0.005810811
422,0.002608949,0.006840673,0.019660331,0.10552041,0.003452728
423,0.003060975,0.007510769,0.011053679,0.07287095,0.002919242
424,0.002932234,0.006765389,0.010357623,0.04675498,0.003126893
425,0.002474604,0.007376089,0.016887804,0.028096073,0.002643277
426,0.00242982,0.009247433,0.027158234,0.01074452,0.002910758
427,0.002571319,0.010417342,0.023801525,0.010293797,0.002731704
428,0.002589744,0.013051088,0.012613923,0.010724823,0.004949676
429,0.002716507,0.017925775,0.012916686,0.010758319,0.004890037
430,0.003467372,0.024265949,0.01368402,0.004812638,0.004508422
431,0.003573424,0.03117089,0.020327632,0.006378997,0.002000492
432,0.003495686,0.047527364,0.022090615,0.007291499,0.002245831
433,0.003433434,0.055118094,0.015265782,0.009825362,0.003100414
434,0.003013249,0.060908944,0.011935678,0.006914117,0.004648067
435,0.003406415,0.060903054,0.009729947,0.00441897,0.003993328
436,0.002119901,0.056242268,0.011104688,0.005376641,0.00259822
437,0.002262125,0.042903586,0.017498914,0.007467742,0.002760811
438,0.002597272,0.032393536,0.015138471,0.009847463,0.002600813
439,0.001859333,0.025867105,0.010528787,0.009268751,0.002534448
440,0.002279207,0.021056567,0.008016136,0.006192454,0.002603831
441,0.002295029,0.01659829,0.007782245,0.006055122,0.002706996
442,0.00261088,0.012090596,0.010710053,0.004930279,0.002267684
443,0.003195713,0.009697691,0.0208412,0.00542591,0.00187073
444,0.003691617,0.009920858,0.033104764,0.007620997,0.002096975
445,0.003253376,0.009020576,0.031904027,0.004621939,0.002199204
446,0.003275682,0.007094434,0.016726614,0.003381935,0.001591301
447,0.003077671,0.006995666,0.014454454,0.004097473,0.002054588
448,0.00269909,0.007013514,0.019327943,0.006718366,0.001878916
449,0.002496636,0.00623971,0.02392481,0.006792135,0.001447952
450,0.002545608,0.006056173,0.023684663,0.006711631,0.002112227
451,0.002940438,0.005642646,0.013037785,0.005052328,0.005242294
452,0.003193643,0.00582171,0.009502491,0.005725,0.006659404
453,0.003936577,0.005040575,0.00820323,0.006867493,0.005520843
454,0.004017726,0.004129177,0.010703289,0.01416106,0.002858844
455,0.004084215,0.004370559,0.018776551,0.029753705,0.002532337
456,0.003838744,0.003580993,0.022421789,0.053592195,0.002163739
457,0.004400351,0.003922891,0.018391109,0.069415386,0.002329177
458,0.005289688,0.003983208,0.013091092,0.056830751,0.002341465
459,0.007807055,0.003533602,0.010034525,0.028854542,0.002392962
460,0.010570591,0.003568589,0.013069396,0.019026294,0.002130727
461,0.0151922,0.003377913,0.019794588,0.011309358,0.002356523
462,0.02301421,0.003490269,0.030569075,0.008043641,0.002099139
463,0.046942682,0.00326898,0.039472224,0.004908772,0.001613851
464,0.077589695,0.003458543,0.030165899,0.004412399,0.00149949
465,0.129385496,0.003763663,0.021446705,0.004166948,0.001488796
466,0.216364655,0.002959463,0.016112106,0.005160587,0.002165609
467,0.413819626,0.002438881,0.013711147,0.005265226,0.00128643
468,0.553001534,0.001872341,0.014086278,0.003588607,0.001680005
469,0.66140959,0.001594645,0.017565297,0.002752364,0.001617528
470,0.733971962,0.001789021,0.027106577,0.001953399,0.001476217
471,0.792338008,0.001766908,0.046244895,0.004045064,0.00105293
472,0.86331278,0.00204195,0.057173512,0.001326784,0.001371067
473,0.895144225,0.001585451,0.043681359,0.002256364,0.00132802
474,0.915307046,0.001270819,0.029942873,0.001299008,0.001812533
475,0.931549994,0.001351884,0.023326765,0.000920792,0.001740855
476,0.966765484,0.002453183,0.025969003,0.004140978,0.001511107
477,0.987485239,0.001964908,0.030322025,0.003577317,0.002320757
478,1,0.002161633,0.03365173,0.001588961,0.001697182
479,0.997584372,0.002268483,0.028923631,0.002461333,0.000772143
480,0.986847536,0.001624724,0.017123945,0.001033794,0.001237646
481,0.983789145,0.001282974,0.011677862,0.002558206,0.001404464
482,0.977439962,0.001573378,0.008945148,0.000504978,0.00120727
483,0.953096012,0.001922916,0.007208115,0,0.002029393
484,0.926395315,0.002103821,0.006924155,0,0.001955738
485,0.898178795,0.00178759,0.006551456,0.000158774,0.001772392
486,0.868937269,0.001784871,0.007207177,0.000938371,0.001534165
487,0.825248044,0.001334894,0.008636546,0.001859435,0.001103165
488,0.801155046,0.001215879,0.010196442,0.001381619,0.001289354
489,0.759080053,0.00140157,0.009670296,0.002904301,0.001727181
490,0.6699621,0.001166998,0.009000739,0.005349768,0.002382414
491,0.445232304,0.001177212,0.008453312,0.002432369,0.004070774
492,0.291755452,0.000718679,0.008163776,0.002720891,0.0053332
493,0.17553874,0.000865936,0.007607144,0.001357904,0.005426066
494,0.100868074,0.001234386,0.006861741,0.001508532,0.004469959
495,0.044656896,0.00115731,0.006748356,0.002852371,0.002025921
496,0.02713932,0.00102888,0.007087072,0.002091699,0.002123689
497,0.017254621,0.001287358,0.008078619,0.002819006,0.001952128
498,0.011870224,0.001471395,0.009163095,0.001034178,0.001701477
499,0.007592213,0.001181992,0.012259814,0.002054202,0.00120591
500,0.005862617,0.001638537,0.01567772,0.000876505,0.001472463
501,0.004991425,0.0015354,0.018500482,0.000876043,0.001600474
502,0.004244262,0.0017188,0.02227779,0.00231867,0.001210561
503,0.003952303,0.00199433,0.024407898,0.002871193,0.000767381
504,0.004225641,0.001676172,0.02653223,0.002285829,0.001447898
505,0.004843868,0.002044102,0.02984123,0.001276228,0.001362549
506,0.004713313,0.001135474,0.042603352,0.001535658,0.001708902
507,0.003866456,0.001031493,0.051795412,0.000832781,0.002177504
508,0.002853254,0.001288764,0.053859829,0.000692611,0.001957028
509,0.00177779,0.001573664,0.040992016,0.000137257,0.001407457
510,0.001220668,0.001420062,0.03242995,0.002170879,0.001825661
511,0.001075666,0.001602047,0.027599564,0.001213371,0.0018635
512,0.001115107,0.001947058,0.028354615,0.000268775,0.001756805
513,0.000934326,0.001554591,0.041205182,0.001873221,0.002154755
514,0.000788606,0.001784689,0.052529689,0.000800759,0.001484774
515,0.000621509,0.002033238,0.052059735,0.000660458,0.001031599
516,0.000925568,0.001992532,0.029132453,0.000131318,0.001240058
517,0.000775223,0.001946385,0.016966948,0,0.001159456
518,0.000740794,0.002275459,0.009820363,0,0.001236963
519,0.000637176,0.002528927,0.007221046,0.000260757,0.001344335
520,0.000497485,0.00269807,0.005232419,0.00130297,0.001361329
521,0.000616644,0.003317448,0.00541433,0.00336253,0.001425802
522,0.000917783,0.004264503,0.00549019,0.00492668,0.001686834
523,0.000798477,0.007791295,0.005546332,0.015380728,0.001848701
524,0.000527127,0.010774493,0.005338722,0.030588775,0.002269586
525,0.00059564,0.012785979,0.004868105,0.030126017,0.001779268
526,0.000600652,0.012641523,0.005172671,0.018817914,0.002192534
527,0.000643662,0.01262045,0.00545626,0.006749403,0.002226072
528,0.000704275,0.012489119,0.005633968,0.004461511,0.002541935
529,0.000509796,0.012402004,0.006589068,0.003555622,0.002362259
530,0.000552123,0.013373078,0.006096927,0.001401584,0.002486725
531,0.000814088,0.013493358,0.007244444,0.001281548,0.002357669
532,0.00093226,0.0133778,0.009030217,0.001154929,0.002549438
533,0.001372456,0.014715892,0.014650155,0.00366546,0.003513875
534,0.001845924,0.014996364,0.023125816,0.001560322,0.003130508
535,0.002002233,0.015324022,0.029251139,0.002446171,0.00282694
536,0.001434603,0.016768353,0.024837307,0.003536629,0.002821377
537,0.001267976,0.017392901,0.018252314,0.003254713,0.002486784
538,0.001469406,0.018522021,0.014092151,0.002457238,0.001979638
539,0.001428577,0.019298939,0.011372392,0.002782718,0.002220093
540,0.00100812,0.021589671,0.009431494,0.003838191,0.001439521
541,0.000828123,0.024210497,0.009675405,0.004698299,0.001533896
542,0.000692095,0.027642142,0.009707286,0.004883865,0.001019974
543,0.000485893,0.036119877,0.011429144,0.00470898,0.001160893
544,0.00059814,0.047162781,0.012220646,0.004887421,0.001262031
545,0.000626943,0.069377239,0.015422725,0.006331315,0.00114533
546,0.000818566,0.167710409,0.024108025,0.006680326,0.002010276
547,0.000802464,0.32854385,0.030904131,0.00640944,0.001981466
548,0.000831017,0.562479618,0.032858499,0.007165674,0.002024281
549,0.001377709,0.834238569,0.023006927,0.007777699,0.003023829
550,0.001609146,0.901490639,0.016154841,0.007535769,0.004363682
551,0.002389074,0.933099963,0.010956423,0.005781939,0.006985995
552,0.003486837,0.980745427,0.007680826,0.006549912,0.010717156
553,0.003327537,0.998118535,0.006987086,0.00557002,0.011495453
554,0.002697735,0.999540942,0.006441307,0.006227074,0.010874431
555,0.00142645,0.9811776,0.004539259,0.005111322,0.006705317
556,0.00098946,0.969359923,0.004064847,0.003142459,0.004707831
557,0.000943116,0.963301886,0.00430466,0.001732504,0.003130902
558,0.000532932,0.967334548,0.004024499,0.003753888,0.002283237
559,0.000317789,0.973752971,0.004140503,0.003412709,0.001907154
560,0.000342167,0.98196574,0.004515134,0.003508164,0.001525759
561,0.00039411,0.99370148,0.004697187,0.00372976,0.001018894
562,0.000341434,1,0.004633063,0.003177777,0.001097623
563,0.000319491,0.996806943,0.004990597,0.004653904,0.001214394
564,0.000422987,0.976586024,0.004244755,0.005908818,0.001359228
565,0.000309264,0.937318937,0.004076498,0.006740243,0.001341079
566,0.000264294,0.872290034,0.004037466,0.006540682,0.001244795
567,0.000333103,0.712962142,0.003842137,0.008385943,0.001795912
568,0.000255262,0.562543932,0.004222375,0.016107918,0.002146997
569,0.00022602,0.401187687,0.004165557,0.021625903,0.002192635
570,0.000268651,0.20201953,0.004798766,0.023764178,0.002155928
571,0.000328407,0.117157658,0.00535077,0.017158952,0.002355255
572,0.000352265,0.066517642,0.006145937,0.010562796,0.002193037
573,0.000364532,0.030638521,0.007171343,0.006012296,0.001853172
574,0.000397036,0.020380138,0.007472969,0.005045309,0.002175392
575,0.00038411,0.012906843,0.007462094,0.002625267,0.002241843
576,0.000419945,0.01042919,0.010315134,0.003450165,0.0027119
577,0.0003906,0.009048267,0.01398116,0.002611366,0.003015809
578,0.000267936,0.007800263,0.01522575,0.002592471,0.003855964
579,0.000325964,0.007470872,0.011986497,0.003118086,0.003970741
580,0.000433891,0.007160494,0.007965506,0.003502994,0.004681092
581,0.000598366,0.006881077,0.005571583,0.002581612,0.003851176
582,0.000545039,0.006657836,0.005300816,0.002379275,0.00296198
583,0.000673814,0.006798271,0.005247089,0.002168359,0.002831535
584,0.001781791,0.006768098,0.009953102,0.000311091,0.002368745
585,0.003349056,0.007586692,0.016825162,0.002085755,0.004248055
586,0.003924464,0.007375193,0.019833852,0.001554047,0.002850471
587,0.003294456,0.006886845,0.016396005,0.000620854,0.002290306
588,0.00234012,0.006384606,0.011175272,0.000102602,0.002372063
589,0.001263169,0.00663768,0.005955526,0.001546506,0.00285116
590,0.00076663,0.006927168,0.004064837,0.001541015,0.002908701
591,0.000861935,0.007370113,0.003608508,0.003567365,0.003047961
592,0.000657754,0.00697232,0.002339116,0.007069192,0.002829167
593,0.000405309,0.006809227,0.001848958,0.010895968,0.002660536
594,0.000316333,0.007679919,0.001529325,0.009750962,0.00208781
595,0.000448595,0.00735288,0.001402549,0.005595248,0.002016042
596,0.00032954,0.007316546,0.00131444,0.002926655,0.002370459
597,0.000224969,0.007499913,0.001147279,0.001152319,0.002409477
598,0.000296709,0.007769486,0.001188462,0.001041202,0.002689466
599,0.000299681,0.007892526,0.001330767,0.002142359,0.002975798
600,0.000187984,0.007935337,0.001242612,0.000819267,0.002723206
601,0.000253827,0.008506402,0.000911059,0.000539241,0.002760709
602,0.000289809,0.008599806,0.001184276,0.001424902,0.002837303
603,0.000255688,0.009261968,0.001223108,0.002203943,0.002717356
604,0.000169692,0.010335457,0.001162396,0.001046119,0.003190992
605,0.000231952,0.012361316,0.000917365,0.001203273,0.003767818
606,0.000299394,0.013640134,0.000836688,0.000509318,0.004110565
607,0.000202851,0.012232854,0.000734012,0.000835949,0.004208364
608,0.000355508,0.009991881,0.00083622,0.001739186,0.004806501
609,0.000215754,0.008002162,0.000842573,8.11E-05,0.004450443
610,0.000290057,0.005798082,0.001119806,0.000837201,0.00359641
611,0.000288938,0.004451124,0.000700703,0.000144223,0.003376865
612,0.00013171,0.003465843,0.000736731,0.000795555,0.002821448
613,0.000227632,0.002877688,0.000624434,0.001342967,0.002878249
614,0.00022577,0.002374541,0.000730801,7.59E-05,0.002914609
615,0.000257733,0.002133354,0.000930724,0.000696478,0.003223034
616,0.000257217,0.002266242,0.000931405,0.000703267,0.003226046
617,0.000197299,0.001874223,0.000921072,0.000394876,0.003232137
618,0.000204004,0.001973279,0.000799082,0.000475161,0.003473627
619,0.000119489,0.001965897,0.000935997,0.00071519,0.003408758
620,0.000239775,0.001702059,0.000883147,0.00015881,0.002968208
621,0.000320244,0.002169624,0.000976301,0.000957506,0.003004063
622,0.000489759,0.001965146,0.001047513,0.000239077,0.003405513
623,0.000720615,0.001880769,0.001337703,0.00088444,0.003862185
624,0.000737702,0.001821825,0.001156017,0,0.004121001
625,0.000649407,0.001788248,0.001289936,0,0.004473946
626,0.000505374,0.002127745,0.001306927,0.000485939,0.00462616
627,0.000268109,0.001851713,0.001002092,0.000812763,0.004421687
628,0.000285433,0.001887945,0.000889727,0.001878416,0.004260587
629,0.000263471,0.002179971,0.001188944,0.001557483,0.0039908
630,0.000287284,0.002055936,0.001308898,0.000487319,0.003677419
631,0.000255688,0.001987782,0.001208459,0,0.003617107
632,0.0003096,0.001922264,0.000858351,0.000574731,0.003459343
633,0.000235435,0.002314615,0.000689984,0.000247499,0.003392793
634,0.000237369,0.002276105,0.001288927,0,0.002682886
635,0.000221354,0.002142272,0.001136321,0,0.003046127
636,0.000362589,0.002543513,0.001390794,0.000837044,0.003087221
637,0.000213547,0.002191907,0.001218284,0.000925546,0.003129042
638,0.000347684,0.002342427,0.001292149,0.001516334,0.003050296
639,0.000393446,0.002056072,0.00101156,0.001260772,0.002821397
640,0.000311192,0.002285007,0.000667459,0.001180048,0.003201945
641,0.000237747,0.002775299,0.001031073,0.000845049,0.003498441
642,0.000440532,0.002552132,0.001384758,0.000849032,0.003569387
643,0.000483037,0.003074906,0.001949301,0.000508449,0.004280018
644,0.000416689,0.003313133,0.001551483,0,0.004614196
645,0.000341562,0.004054672,0.001046898,0.000170942,0.005251981
646,0.00065887,0.004489868,0.001753015,0.000256699,0.005802593
647,0.000660226,0.004602146,0.001642542,0.000944762,0.007374086
648,0.000724624,0.004651172,0.001828639,0.000771331,0.008364591
649,0.000515723,0.005135978,0.001697878,0.001204874,0.008615429
650,0.000406662,0.005484234,0.002516815,0.00077623,0.007755226
651,0.000511006,0.005962183,0.002762452,0,0.0063293
652,0.000410074,0.005441291,0.00300318,0,0.004243246
653,0.000433575,0.005002712,0.004247054,0,0.003568486
654,0.000443207,0.005119214,0.005103354,0.000959113,0.002530123
655,0.000298318,0.005119623,0.005952263,0.001747687,0.002149829
656,0.000357332,0.00502547,0.008458017,0.001840473,0.001355398
657,0.000350696,0.004590737,0.011190465,0.002541637,0.00121674
658,0.000372801,0.003993627,0.017085745,0.002025692,0.000970451
659,0.000328703,0.003862071,0.022481473,0.002205483,0.001056233
660,0.000305793,0.004065704,0.036778682,0.00159685,0.001027977
661,0.000547475,0.004535729,0.052545133,0.002037247,0.000795134
662,0.000300515,0.004145123,0.093273586,0.003118143,0.000942239
663,0.000293323,0.004039194,0.1430853,0.002583372,0.001044921
664,0.000208921,0.004166344,0.222507962,0.002583809,0.000898659
665,0.000379385,0.004215386,0.406450174,0.001877583,0.000845015
666,0.000289942,0.004189512,0.556903477,0.001607842,0.000815204
667,0.000396126,0.004277474,0.751978487,0.0016944,0.001012609
668,0.000255235,0.004091625,0.843348658,0.003310962,0.000923538
669,0.000250926,0.003464842,0.934865446,0.003349785,0.000899298
670,0.000197873,0.003895451,0.975019257,0.002272893,0.000775883
671,0.00035193,0.003900114,1,0.003017147,0.000943988
672,0.000402092,0.003506196,0.97794966,0.002378758,0.000751766
673,0.000415253,0.00354028,0.918405931,0.002675625,0.000632576
674,0.0005011,0.00352674,0.841861871,0.00294172,0.000950746
675,0.000565108,0.003159952,0.655382318,0.002670781,0.000697552
676,0.000372452,0.002942936,0.484964134,0.003042939,0.000733298
677,0.000526869,0.003165727,0.255221029,0.00339107,0.000771408
678,0.000594705,0.00329474,0.151140845,0.003226747,0.000569315
679,0.000738993,0.003553848,0.067493509,0.003439259,0.000775659
680,0.000683007,0.003777553,0.040606342,0.004475641,0.000593621
681,0.000593431,0.00419592,0.020452627,0.004303592,0.000553692
682,0.000593741,0.004775297,0.013962747,0.002234749,0.000895098
683,0.000379291,0.00503554,0.008311053,0.003003607,0.000986283
684,0.000446017,0.00449014,0.006217762,0.003568803,0.000992288
685,0.000391472,0.00461982,0.00433237,0.003301411,0.000871233
686,0.000261372,0.005360302,0.003926927,0.002732879,0.000589324
687,0.000348465,0.005113138,0.00296637,0.004355212,0.00074847
688,0.000339815,0.005082216,0.002624923,0.005066076,0.000791365
689,0.000372896,0.005061155,0.002307624,0.004941676,0.001022679
690,0.000299533,0.005284842,0.002127011,0.005274994,0.000756628
691,0.000333941,0.005130309,0.002043962,0.003276569,0.000905548
692,0.000324954,0.004555073,0.001598877,0.003573563,0.000800434
693,0.000233617,0.004580618,0.001247281,0.001835493,0.00089899
694,0.00028468,0.004660098,0.001045438,0.004666125,0.001051034
695,0.000353794,0.004684951,0.001024832,0.004474508,0.001044817
696,0.000408257,0.005115877,0.001088356,0.003617347,0.001172285
697,0.000330586,0.005593711,0.001013327,0.004136375,0.000957308
698,0.000369277,0.006353441,0.001580072,0.005418755,0.000869804
699,0.000395272,0.007408818,0.001157969,0.005603509,0.000762924
700,0.000311557,0.008326852,0.001562075,0.005914588,0.000546432
701,0.000325161,0.008803377,0.001556811,0.007134483,0.000940439
702,0.000390943,0.008933084,0.001171622,0.009197036,0.000889392
703,0.000440456,0.008159989,0.001704638,0.013157247,0.000475336
704,0.000307471,0.007395134,0.001134331,0.015764365,0.000641389
705,0.000236368,0.006133981,0.000884365,0.021571509,0.001020772
706,0.000316273,0.004996567,0.000877634,0.027735819,0.000744642
707,0.000402692,0.004507438,0.000658211,0.039724429,0.000793229
708,0.000616322,0.004061658,0.000572274,0.054710511,0.000943086
709,0.000775377,0.002799553,0.000787596,0.086003484,0.000762885
710,0.000750794,0.002713993,0.000822317,0.126449148,0.000857526
711,0.000643368,0.002057528,0.000742233,0.234029675,0.000626661
712,0.000688089,0.001864035,0.000597116,0.429880811,0.000612397
713,0.000698514,0.001705422,0.000714744,0.602350491,0.000673942
714,0.000822246,0.002033686,0.000708915,0.844632791,0.001028475
715,0.00066692,0.001795528,0.001252539,0.938404831,0.001154497
716,0.000544976,0.001488431,0.000742225,0.999345944,0.001287337
717,0.000729314,0.001470111,0.001023397,1,0.001149073
718,0.000579674,0.001307208,0.000779664,0.99926185,0.000976396
719,0.000594157,0.001664365,0.000650514,0.999818708,0.000945471
720,0.00065957,0.001956729,0.0008214,0.981341039,0.00103979
721,0.000741439,0.001837624,0.001013523,0.911991988,0.001165904
722,0.000667407,0.001654634,0.000880399,0.798395362,0.000908433
723,0.000542092,0.002118607,0.000843081,0.54381075,0.000949046
724,0.000557383,0.002453618,0.000719536,0.365639935,0.001266307
725,0.000332621,0.00197935,0.001021309,0.170853267,0.000871524
726,0.000211483,0.002637275,0.00082845,0.075676689,0.00074736
727,0.000212521,0.003070212,0.000771827,0.044467099,0.001005393
728,0.000324195,0.003097094,0.000957178,0.024065334,0.000723167
729,0.000391695,0.003870087,0.001141892,0.016320409,0.002402482
730,0.000283557,0.00454737,0.000658616,0.008392596,0.001498711
731,0.000394322,0.005076394,0.000890172,0.006402023,0.000973321
732,0.00052801,0.00505853,0.001019637,0.005770166,0.001244536
733,0.000210617,0.004723155,0.001100295,0.00536537,0.000927599
734,0.000186642,0.004182792,0.000798651,0.006091954,0.000705774
735,0.000271089,0.004162413,0.000612962,0.004995792,0.000893385
736,0.000223147,0.004280926,0.000258006,0.004604443,0.00097649
737,0.000371911,0.003971929,0.000352206,0.003413254,0.001039382
738,0.000121004,0.003840612,0.000494859,0.004623721,0.00111301
739,0.000215299,0.003395981,0.000336147,0.004129826,0.000869431
740,0.000228784,0.002801791,0.000844965,0.002195508,0.000865024
741,0.000285495,0.00313596,0.0007826,0.002009561,0.001047889
742,0.00023741,0.003243524,0.000511674,0.002784223,0.001012046
743,8.64E-05,0.003216562,0.00074203,0.001914662,0.001572317
744,0.000280954,0.003277388,0.000950314,0.002861286,0.001498741
745,0.000213892,0.003808299,0.000784962,0.002767942,0.00126838
746,0.000210682,0.004803602,0.000490915,0.002690098,0.000986795
747,0.000273496,0.005140163,0.000581044,0.002326471,0.001080462
748,0.000228293,0.006344169,0.000492604,0.002226839,0.001057917
749,0.0003937,0.008543404,0.000650059,0.002338978,0.000788927
750,0.000284936,0.011158235,0.000932949,0.002952532,0.000834333
751,0.000241671,0.012583148,0.000695417,0.002448047,0.001280634
752,8.09E-05,0.012824118,0.00091991,0.003343367,0.001098986
753,0.00027827,0.010957431,0.000739515,0.002763884,0.001239797
754,0.000166507,0.007760083,0.000335766,0.003670998,0.000909463
755,0.000203728,0.005493112,0.000676291,0.002605206,0.001268335
756,0.000207466,0.00453414,0.000773183,0.002403191,0.001346465
757,0.000288314,0.003290856,0.00091926,0.002118743,0.001198051
758,0.00175388,0.004158229,0.002126554,0.004372537,0.0055089
759,0.00056208,0.002524753,0.001122371,0.002446194,0.002393836
760,0.00020485,0.00174078,0.001134051,0.001643162,0.001566485
761,0.000133642,0.001463442,0.000744623,0.002705619,0.001346782
762,0.000190461,0.001300184,0.001084417,0.003433376,0.001629209
763,0.000171558,0.001246056,0.000947589,0.003868911,0.001475814
764,0.000151976,0.000939622,0.001006244,0.003891497,0.001504233
765,0.000171949,0.00107529,0.000722617,0.00262064,0.001727391
766,0.000294414,0.001247445,0.000606052,0.003721438,0.001445472
767,0.000213239,0.001213517,0.000528882,0.00309844,0.001255444
768,0.000276148,0.001014014,0.000836244,0.002036669,0.001916422
769,0.000269196,0.000901207,0.00065468,0.003452891,0.002238552
770,0.000309921,0.000825944,0.000753026,0.002176698,0.001999473
771,0.000350071,0.000779476,0.000870142,0.002510937,0.002294273
772,0.000205387,0.000417348,0.001089388,0.00317624,0.002159224
773,0.000177056,0.000710182,0.000675477,0.002873928,0.002004118
774,0.000112547,0.000800157,0.000529839,0.003778854,0.002272789
775,0.000172988,0.00087623,0.000444647,0.003557233,0.002211254
776,0.000165295,0.000788028,0.000991914,0.003246491,0.002717708
777,0.000136152,0.00076235,0.000913698,0.002705114,0.002903154
778,0.000250884,0.000725088,0.0007932,0.002714583,0.002877176
779,0.000403795,0.000746404,0.001056091,0.003752159,0.002582959
780,0.00047399,0.000886343,0.001130762,0.003184956,0.003098995
781,0.00020936,0.000898725,0.001248102,0.002624805,0.002819169
782,0.000160209,0.000899185,0.000753677,0.001257541,0.002846345
783,0.000183655,0.000707865,0.000682294,0.001154108,0.00292557
784,0.000126869,0.000918179,0.000775265,0.002912543,0.00269847
785,0.00013207,0.001171,0.000911594,0.00269263,0.003133847
786,0.000269698,0.001227423,0.001030452,0.001060992,0.003751385
787,0.000284159,0.000969237,0.001253295,0.002488353,0.004437149
788,0.000344178,0.000814547,0.001312767,0.003355903,0.00425213
789,0.000367362,0.000949896,0.001212689,0.003362855,0.004008805
790,0.000351338,0.000897281,0.000869817,0.004229919,0.004786805
791,0.000168785,0.000886973,0.001139114,0.002413567,0.005036837
792,0.000312654,0.000804766,0.000704617,0.002441864,0.005672645
793,0.000225383,0.001028503,0.000673356,0.002296997,0.007054151
794,0.000280019,0.00142892,0.000852432,0.003557033,0.008035884
795,0.000161707,0.001706821,0.000825912,0.00146916,0.008425938
796,0.000200725,0.001758308,0.000915338,0.00135634,0.009552407
797,0.000248565,0.001451772,0.000766231,0.001979354,0.010443024
798,0.000349666,0.002191085,0.000756967,0.002845082,0.01298388
799,0.000303215,0.001906175,0.000628167,0.0018643,0.015799048
800,0.000251484,0.002246736,0.001252014,0.001749154,0.019656438
801,0.000231331,0.001942181,0.001175005,0.001495768,0.022531788
802,9.22E-05,0.002039245,0.001018029,0.00075125,0.028070779
803,0.000243765,0.002153282,0.001023875,0.001758366,0.034799936
804,0.000258927,0.002074113,0.00079647,0.002668082,0.043770769
805,0.000229609,0.002135744,0.000645408,0.003040422,0.052162433
806,0.000400945,0.001614693,0.000641235,0.003667744,0.066251418
807,0.000275829,0.001727705,0.001141947,0.002555299,0.085516533
808,0.000152094,0.0017051,0.000548886,0.002527528,0.112450918
809,0.000222457,0.001458049,0.000897054,0.002430323,0.150144938
810,0.000430379,0.001448151,0.000743167,0.003202196,0.182109997
811,0.000452179,0.001240026,0.000735708,0.002707649,0.244029992
812,0.000304613,0.0008916,0.000926004,0.003106264,0.327177086
813,0.000225688,0.001144395,0.000919566,0.003244928,0.430455813
814,0.000215258,0.000937186,0.000679289,0.004800756,0.544837144
815,6.04E-05,0.000888476,0.000656233,0.00493568,0.617461808
816,0.00032655,0.001188213,0.001121285,0.004415404,0.725934412
817,0.000495367,0.001275224,0.001305916,0.006794972,0.813725008
818,0.00028397,0.001249501,0.000938366,0.007225047,0.876882777
819,0.000288489,0.001254613,0.000774027,0.007611217,0.92369764
820,0.000187715,0.000998373,0.000774516,0.004987927,0.947770888
821,0.000137015,0.000712124,0.00064899,0.003030238,0.97310894
822,0.000182595,0.001006252,0.001395361,0.001840977,0.987099058
823,0.000306674,0.000435587,0.001093521,0.002790534,0.995939084
824,0.000241675,0.000757609,0.001074441,0.001870074,0.996758247
825,0.000231248,0.000720543,0.001099045,0.00199631,1
826,0.00020536,0.000965717,0.001167684,0.002796325,0.988847836
827,0.00027301,0.000638898,0.001232713,0.001867582,0.984236366
828,0.00030528,0.000788947,0.00143037,0.001343114,0.976154818
829,0.000269765,0.000964291,0.001427976,0.002139176,0.972488074
830,0.000274544,0.000917522,0.000683088,0.001610669,0.969946854
831,0.000478824,0.001127077,0.00122932,0.001484693,0.968127116
832,0.000308255,0.001250241,0.000870894,0.003244653,0.962585292
833,0.000188245,0.001038327,0.000952364,0.001890328,0.96071764
834,0.000199289,0.000362432,0.001268478,0.002567479,0.956557722
835,7.86E-05,0.000390267,0.000936093,0,0.950708643
836,0.000404776,0.000688447,0.001383754,0.002851334,0.945547988
837,0.000205217,0.000271369,0.001974163,0.002721738,0.938456522
838,0.000220514,0.000345667,0.001531261,0.001492981,0.930494132
839,0.000456365,0.00059129,0.000893143,0.003162384,0.924714012
840,0.000333331,0.00061922,0.000843032,0.001230093,0.917026373
841,0.000297526,0.000593328,0.001218341,0.000684995,0.903240503
842,0.000149199,0.00058451,0.00098105,0,0.887709034
843,0.000244276,0.000755113,0.000802075,0.000411141,0.87446161
844,0.000260014,0.000781267,0.001694441,0.000274452,0.860526882
845,0.000181821,0.000567321,0.000733407,0.002203826,0.845017643
846,0.000230474,0.000714427,0.000840795,0.000970254,0.830326067
847,0.000106703,0.000873811,0.000722404,0.000829582,0.814273151
848,0.000384268,0.000711527,0.001015732,0.000275256,0.796619282
849,0.000347732,0.000691466,0.001382956,0,0.782274264
850,0.000241312,0.0009284,0.001139425,0.000275579,0.765184072
851,0.000638087,0.0009798,0.001146268,0.000606314,0.748976637
852,0.000650476,0.001190073,0.00127344,0.000474893,0.733908264
853,0.000389267,0.000948252,0.001566092,0.000499646,0.722325662
854,0.000592967,0.001002893,0.001109588,0.000374602,0.708310838
855,0.000539163,0.0011074,0.001728366,0.000397521,0.699106223
856,0.000624682,0.001131518,0.001718355,0.001154745,0.680061612
857,0.000370864,0.001298599,0.001504582,0.00078068,0.663851325
858,0.000669704,0.001185761,0.00128526,0.001016247,0.644178601
859,0.00041076,0.001205005,0.001090646,0.000758195,0.621770728
860,0.000452577,0.001348361,0.00136279,0.000754037,0.592866666
861,0.000246772,0.000950755,0.001357429,0.000949981,0.565635834
862,0.000748764,0.001082344,0.001363056,0.001001413,0.525662302
863,0.000223519,0.001199891,0.0011879,0.000367256,0.477544473
864,0.00045789,0.000931157,0.001084445,0.000467466,0.417024167
865,0.000397429,0.001197101,0.00148245,0.000715307,0.347204026
866,0.000376797,0.001274828,0.001106712,0.000990987,0.299890365
867,0.000514737,0.000849182,0.001039834,0.001059926,0.231898896
868,0.000463347,0.000825915,0.000993852,0.000572729,0.172507268
869,0.000232874,0.000896832,0.001379621,0.000252393,0.125722375
870,0.000396411,0.000983813,0.001202564,0.000622186,0.09167022
871,0.000697835,0.000864745,0.001515751,0.00066005,0.073842585
872,0.000668615,0.001144111,0.001310039,0.00068179,0.054025836
873,0.000327043,0.001106739,0.001047236,0.000805346,0.040131678
874,0.000486368,0.000932065,0.000978887,0.000778445,0.030365893
875,0.000323211,0.001146153,0.001502356,0.00026895,0.023348326
876,0.00049699,0.000951581,0.000946071,0.000894336,0.019131142
877,0.000619105,0.000946327,0.001071777,0.000912408,0.014851171
878,0.000291837,0.00114869,0.001298794,0.000285771,0.011694835
879,0.000399679,0.00081737,0.001017828,0.000238945,0.009162357
880,0.000345164,0.00074182,0.000887796,0.000502083,0.007800684
881,0.0002525,0.000803347,0.000956753,0.000901316,0.006118114
882,0.00046241,0.000870761,0.001299935,0.000287002,0.004905763
883,0.000223468,0.000963807,0.001260866,0.000718476,0.003848865
884,0.000396076,0.001072491,0.000986058,0.000881758,0.003433949
885,0.00047905,0.000890035,0.001146771,0.00019512,0.002953987
886,0.000276864,0.0007224,0.001162211,0.000323918,0.002747047
887,0.000448862,0.000767709,0.000949236,0.000321804,0.002351069
888,0.000171651,0.000969836,0.000890801,0.000561743,0.00184277
889,0.000474087,0.000932509,0.000783589,0.000464329,0.001594667
890,0.000167227,0.000947853,0.000952832,0.000434604,0.001478308
891,0.000452257,0.000774747,0.001180929,0.000401879,0.001208344
892,0.000227331,0.000971331,0.000899458,0.000349652,0.00125069
893,0.000352705,0.000611376,0.000916189,0.000414946,0.001273208
894,0.000270021,0.000649594,0.000989673,0.00051943,0.001049948
895,0.000467874,0.000884341,0.000772925,0.000654656,0.001030008
896,0.000466635,0.00067022,0.000991848,0.000696588,0.001011175
897,0.000183299,0.000776717,0.000753142,0.000552645,0.000992597
898,0.000372995,0.000667344,0.000917118,0.000529686,0.000974089
899,0.000487059,0.000697226,0.001063588,0.000691706,0.000955744
900,0.000209986,0.00074771,0.000961675,0.000459979,0.000937652
